date,market,publication,domain,category,business_name,instagram_url,instagram_handle,website,research_source,contact_route,buyer_group,category_phrase,outcome_phrase,audience_line,final_dm,quality_score,duplicate_status,last_contacted_date,notes
2026-07-23,"St. Augustine, FL",St. Augustine Digest,staugustinedigest.com,remodeling,Generation Homes,https://www.instagram.com/genhomesusa/,genhomesusa,https://generationhomesusa.com/,your Google profile,marketing,homeowners and families,remodeling work,home upgrade choice,"3,000+ St. Augustine homeowners and families","Hi Generation Homes! I found you through your Google profile and wanted to reach out. We run St. Augustine Digest, a local email publication read by 3,000+ St. Augustine-area locals.

We’re choosing one remodeling company as our exclusive partner, meaning we won’t work with a competing remodeling company. Generation Homes looked like a strong fit.

Worth a quick look? I can send a 2-minute rundown right here, no call needed.

Andrew",5,new,,Instagram HTTP 200 | name source: google_business_profile | website category match: remodel | market affinity: exact city address or core ZIP
2026-07-23,"St. Augustine, FL",St. Augustine Digest,staugustinedigest.com,pet care,Super 8 by Wyndham St. Augustine,https://www.instagram.com/super8staugustine/,super8staugustine,https://www.super8staugustine.com/?CID=LC%3Ayytq4fvvehxh7se%3A1448&iata=00093796,your Google profile,marketing,families and parents,pet care concept,pet care choice,"3,000+ St. Augustine families and parents","Hi Super 8 by Wyndham St. Augustine! I found you through your Google profile and wanted to reach out. We run St. Augustine Digest, a local email publication read by 3,000+ St. Augustine-area locals.

We’re choosing one pet care business as our exclusive partner, meaning we won’t work with a competing pet care provider. Super 8 by Wyndham St. Augustine looked like a strong fit.

Worth a quick look? I can send a 2-minute rundown right here, no call needed.

Andrew",5,new,,Instagram HTTP 200 | name source: google_business_profile | website category match: pet | market affinity: exact city address or core ZIP
2026-07-23,"St. Augustine, FL",St. Augustine Digest,staugustinedigest.com,women's wellness,5 Star Nutrition St Augustine,https://www.instagram.com/5starnutritionstaugustine/,5starnutritionstaugustine,https://5starnutrition.com/pages/5sn-store-st-augustine/,your Google profile,the office,high-intent local wellness and family buyers,women's wellness work,women's wellness option,"3,000+ St. Augustine high-intent local wellness and family buyers","Hi 5 Star Nutrition St Augustine! I found you through your Google profile and wanted to reach out. We run St. Augustine Digest, a local email publication read by 3,000+ St. Augustine-area locals.

We’re choosing one women's wellness practice as our exclusive partner, meaning we won’t work with a competing women's wellness clinic. 5 Star Nutrition St Augustine looked like a strong fit.

Worth a quick look? I can send a 2-minute rundown right here, no call needed.

Andrew",5,new,,Instagram HTTP 200 | name source: google_business_profile | website category match: wellness | market affinity: exact city address or core ZIP
2026-07-23,"St. Augustine, FL",St. Augustine Digest,staugustinedigest.com,catering,Hangar One Bistro Eatery & Bar,https://www.instagram.com/hangaronebistro/,hangaronebistro,https://hangaronebistro.com/,your Google profile,partnerships,"locals planning events, weddings, and private celebrations",catering work,catering choice,"3,000+ St. Augustine locals planning events, weddings, and private celebrations","Hi Hangar One Bistro Eatery & Bar! I found you through your Google profile and wanted to reach out. We run St. Augustine Digest, a local email publication read by 3,000+ St. Augustine-area locals.

We’re choosing one catering company as our exclusive partner, meaning we won’t work with a competing caterer. Hangar One Bistro Eatery & Bar looked like a strong fit.

Worth a quick look? I can send a 2-minute rundown right here, no call needed.

Andrew",5,new,,Instagram HTTP 200 | name source: google_business_profile | website category match: cater | market affinity: exact city address or core ZIP
2026-07-23,"St. Augustine, FL",St. Augustine Digest,staugustinedigest.com,private schools,Code Ninjas World Golf Village,https://www.instagram.com/codeninjas/,codeninjas,https://www.codeninjas.com/fl-world-golf-village/,your Google profile,admissions,families and parents,private school reputation,school choice,"3,000+ St. Augustine families and parents","Hi Code Ninjas World Golf Village! I found you through your Google profile and wanted to reach out. We run St. Augustine Digest, a local email publication read by 3,000+ St. Augustine-area locals.

We’re choosing one private school as our exclusive partner, meaning we won’t work with a competing private school. Code Ninjas World Golf Village looked like a strong fit.

Worth a quick look? I can send a 2-minute rundown right here, no call needed.

Andrew",5,new,,Instagram HTTP 200 | name source: google_business_profile | website category match: academy | market affinity: exact city address or core ZIP
2026-07-23,"St. Augustine, FL",St. Augustine Digest,staugustinedigest.com,aesthetics,Little Bird Beauty,https://www.instagram.com/littlebird_beauty/,littlebird_beauty,https://www.littlebirdbeautysalon.com/,your Google profile,the office,high-intent local wellness and family buyers,aesthetics work,aesthetics destination,"3,000+ St. Augustine high-intent local wellness and family buyers","Hi Little Bird Beauty! I found you through your Google profile and wanted to reach out. We run St. Augustine Digest, a local email publication read by 3,000+ St. Augustine-area locals.

We’re choosing one aesthetics practice as our exclusive partner, meaning we won’t work with a competing aesthetics clinic. Little Bird Beauty looked like a strong fit.

Worth a quick look? I can send a 2-minute rundown right here, no call needed.

Andrew",5,new,,Instagram HTTP 200 | name source: google_business_profile | website category match: salon | market affinity: exact city address or core ZIP
2026-07-23,"St. Augustine, FL",St. Augustine Digest,staugustinedigest.com,premium fitness,vertica Fitness Saint augustine,https://www.instagram.com/verticafitness/,verticafitness,https://www.verticafitness.com/staugustine/,your Google profile,marketing,high-intent local wellness and family buyers,fitness concept,fitness option,"3,000+ St. Augustine high-intent local wellness and family buyers","Hi vertica Fitness Saint augustine! I found you through your Google profile and wanted to reach out. We run St. Augustine Digest, a local email publication read by 3,000+ St. Augustine-area locals.

We’re choosing one fitness studio as our exclusive partner, meaning we won’t work with a competing fitness studio. vertica Fitness Saint augustine looked like a strong fit.

Worth a quick look? I can send a 2-minute rundown right here, no call needed.

Andrew",5,new,,Instagram HTTP 200 | name source: google_business_profile | website category match: fitness | market affinity: exact city address or core ZIP
2026-07-23,"St. Augustine, FL",St. Augustine Digest,staugustinedigest.com,remodeling,Granite House,https://www.instagram.com/granitehousefl/,granitehousefl,https://granitehousekitchen.com/,your Google profile,marketing,homeowners and families,remodeling work,home upgrade choice,"3,000+ St. Augustine homeowners and families","Hi Granite House! I found you through your Google profile and wanted to reach out. We run St. Augustine Digest, a local email publication read by 3,000+ St. Augustine-area locals.

We’re choosing one remodeling company as our exclusive partner, meaning we won’t work with a competing remodeling company. Granite House looked like a strong fit.

Worth a quick look? I can send a 2-minute rundown right here, no call needed.

Andrew",5,new,,Instagram HTTP 200 | name source: google_business_profile | website category match: remodel | market affinity: exact city address or core ZIP
2026-07-23,"St. Augustine, FL",St. Augustine Digest,staugustinedigest.com,roofing,Everything Gutter Saint Augustine,https://www.instagram.com/everythinggutter/,everythinggutter,https://everythinggutter.com/,your Google profile,marketing,homeowners and families,roofing reputation,roofing choice,"3,000+ St. Augustine homeowners and families","Hi Everything Gutter Saint Augustine! I found you through your Google profile and wanted to reach out. We run St. Augustine Digest, a local email publication read by 3,000+ St. Augustine-area locals.

We’re choosing one roofing company as our exclusive partner, meaning we won’t work with a competing roofing company. Everything Gutter Saint Augustine looked like a strong fit.

Worth a quick look? I can send a 2-minute rundown right here, no call needed.

Andrew",5,new,,Instagram HTTP 200 | name source: google_business_profile | website category match: roof | market affinity: exact city address or core ZIP
2026-07-23,"St. Augustine, FL",St. Augustine Digest,staugustinedigest.com,roofing,KV Gutter Services,https://www.instagram.com/kvgutter/,kvgutter,https://kvgutterservices.com/,your Google profile,marketing,homeowners and families,roofing reputation,roofing choice,"3,000+ St. Augustine homeowners and families","Hi KV Gutter Services! I found you through your Google profile and wanted to reach out. We run St. Augustine Digest, a local email publication read by 3,000+ St. Augustine-area locals.

We’re choosing one roofing company as our exclusive partner, meaning we won’t work with a competing roofing company. KV Gutter Services looked like a strong fit.

Worth a quick look? I can send a 2-minute rundown right here, no call needed.

Andrew",5,new,,Instagram HTTP 200 | name source: google_business_profile | website category match: roof | market affinity: exact city address or core ZIP
2026-07-23,"St. Augustine, FL",St. Augustine Digest,staugustinedigest.com,women's wellness,Anastasia Healing Arts,https://www.instagram.com/anastasiahealingarts/,anastasiahealingarts,https://anastasiahealingarts.com/,your Google profile,the office,high-intent local wellness and family buyers,women's wellness work,women's wellness option,"3,000+ St. Augustine high-intent local wellness and family buyers","Hi Anastasia Healing Arts! I found you through your Google profile and wanted to reach out. We run St. Augustine Digest, a local email publication read by 3,000+ St. Augustine-area locals.

We’re choosing one women's wellness practice as our exclusive partner, meaning we won’t work with a competing women's wellness clinic. Anastasia Healing Arts looked like a strong fit.

Worth a quick look? I can send a 2-minute rundown right here, no call needed.

Andrew",5,new,,Instagram HTTP 200 | name source: google_business_profile | website category match: wellness | market affinity: exact city address or core ZIP
2026-07-23,"St. Augustine, FL",St. Augustine Digest,staugustinedigest.com,aesthetics,Salon Honey Sage Palencia,https://www.instagram.com/salon.honeyandsage/,salon.honeyandsage,https://salonhoneyandsage.com/,your Google profile,the office,high-intent local wellness and family buyers,aesthetics work,aesthetics destination,"3,000+ St. Augustine high-intent local wellness and family buyers","Hi Salon Honey Sage Palencia! I found you through your Google profile and wanted to reach out. We run St. Augustine Digest, a local email publication read by 3,000+ St. Augustine-area locals.

We’re choosing one aesthetics practice as our exclusive partner, meaning we won’t work with a competing aesthetics clinic. Salon Honey Sage Palencia looked like a strong fit.

Worth a quick look? I can send a 2-minute rundown right here, no call needed.

Andrew",5,new,,Instagram HTTP 200 | name source: google_business_profile | website category match: salon | market affinity: exact city address or core ZIP
2026-07-23,"St. Augustine, FL",St. Augustine Digest,staugustinedigest.com,aesthetics,The SPA TKC,https://www.instagram.com/thekingschairbarberclub/,thekingschairbarberclub,https://tkcbarberclub.com/?v=1d20b5ff1ee9,your Google profile,the office,high-intent local wellness and family buyers,aesthetics work,aesthetics destination,"3,000+ St. Augustine high-intent local wellness and family buyers","Hi The SPA TKC! I found you through your Google profile and wanted to reach out. We run St. Augustine Digest, a local email publication read by 3,000+ St. Augustine-area locals.

We’re choosing one aesthetics practice as our exclusive partner, meaning we won’t work with a competing aesthetics clinic. The SPA TKC looked like a strong fit.

Worth a quick look? I can send a 2-minute rundown right here, no call needed.

Andrew",5,new,,Instagram HTTP 200 | name source: google_business_profile | website category match: barber | market affinity: exact city address or core ZIP
2026-07-23,"St. Augustine, FL",St. Augustine Digest,staugustinedigest.com,catering,Village Inn,https://www.instagram.com/villageinn/,villageinn,https://www.villageinn.com/st-augustine-fl/,your Google profile,partnerships,"locals planning events, weddings, and private celebrations",catering work,catering choice,"3,000+ St. Augustine locals planning events, weddings, and private celebrations","Hi Village Inn! I found you through your Google profile and wanted to reach out. We run St. Augustine Digest, a local email publication read by 3,000+ St. Augustine-area locals.

We’re choosing one catering company as our exclusive partner, meaning we won’t work with a competing caterer. Village Inn looked like a strong fit.

Worth a quick look? I can send a 2-minute rundown right here, no call needed.

Andrew",5,new,,Instagram HTTP 200 | name source: google_business_profile | website category match: catering | market affinity: exact city address or core ZIP
2026-07-23,"St. Augustine, FL",St. Augustine Digest,staugustinedigest.com,aesthetics,CK Hair Solution,https://www.instagram.com/ck.impressive.impressions/,ck.impressive.impressions,https://ckhairsolution.com/,your Google profile,the office,high-intent local wellness and family buyers,aesthetics work,aesthetics destination,"3,000+ St. Augustine high-intent local wellness and family buyers","Hi CK Hair Solution! I found you through your Google profile and wanted to reach out. We run St. Augustine Digest, a local email publication read by 3,000+ St. Augustine-area locals.

We’re choosing one aesthetics practice as our exclusive partner, meaning we won’t work with a competing aesthetics clinic. CK Hair Solution looked like a strong fit.

Worth a quick look? I can send a 2-minute rundown right here, no call needed.

Andrew",5,new,,Instagram HTTP 200 | name source: google_business_profile | website category match: salon | market affinity: exact city address or core ZIP
2026-07-23,"St. Augustine, FL",St. Augustine Digest,staugustinedigest.com,aesthetics,Daymaker Hair,https://www.instagram.com/daymakerhair.wgv/,daymakerhair.wgv,https://daymakerhair.com/,your Google profile,the office,high-intent local wellness and family buyers,aesthetics work,aesthetics destination,"3,000+ St. Augustine high-intent local wellness and family buyers","Hi Daymaker Hair! I found you through your Google profile and wanted to reach out. We run St. Augustine Digest, a local email publication read by 3,000+ St. Augustine-area locals.

We’re choosing one aesthetics practice as our exclusive partner, meaning we won’t work with a competing aesthetics clinic. Daymaker Hair looked like a strong fit.

Worth a quick look? I can send a 2-minute rundown right here, no call needed.

Andrew",5,new,,Instagram HTTP 200 | name source: google_business_profile | website category match: salon | market affinity: exact city address or core ZIP
2026-07-23,"St. Augustine, FL",St. Augustine Digest,staugustinedigest.com,aesthetics,FS Cut & Color,https://www.instagram.com/fantasticsams/,fantasticsams,https://www.fantasticsams.com/salons/fantastic-sams-st-augustine-fl/,your Google profile,the office,high-intent local wellness and family buyers,aesthetics work,aesthetics destination,"3,000+ St. Augustine high-intent local wellness and family buyers","Hi FS Cut & Color! I found you through your Google profile and wanted to reach out. We run St. Augustine Digest, a local email publication read by 3,000+ St. Augustine-area locals.

We’re choosing one aesthetics practice as our exclusive partner, meaning we won’t work with a competing aesthetics clinic. FS Cut & Color looked like a strong fit.

Worth a quick look? I can send a 2-minute rundown right here, no call needed.

Andrew",5,new,,Instagram HTTP 200 | name source: google_business_profile | website category match: salon | market affinity: exact city address or core ZIP
2026-07-23,"St. Augustine, FL",St. Augustine Digest,staugustinedigest.com,aesthetics,Love Your Hair,https://www.instagram.com/loveyourhair_st.aug/,loveyourhair_st.aug,https://loveyourhair2.com/,your Google profile,the office,high-intent local wellness and family buyers,aesthetics work,aesthetics destination,"3,000+ St. Augustine high-intent local wellness and family buyers","Hi Love Your Hair! I found you through your Google profile and wanted to reach out. We run St. Augustine Digest, a local email publication read by 3,000+ St. Augustine-area locals.

We’re choosing one aesthetics practice as our exclusive partner, meaning we won’t work with a competing aesthetics clinic. Love Your Hair looked like a strong fit.

Worth a quick look? I can send a 2-minute rundown right here, no call needed.

Andrew",5,new,,Instagram HTTP 200 | name source: google_business_profile | website category match: salon | market affinity: exact city address or core ZIP
2026-07-23,"St. Augustine, FL",St. Augustine Digest,staugustinedigest.com,aesthetics,Mademoiselle Hair Salon,https://www.instagram.com/mademoisellehairsalon/,mademoisellehairsalon,https://www.mademoisellesalon.net/,your Google profile,the office,high-intent local wellness and family buyers,aesthetics work,aesthetics destination,"3,000+ St. Augustine high-intent local wellness and family buyers","Hi Mademoiselle Hair Salon! I found you through your Google profile and wanted to reach out. We run St. Augustine Digest, a local email publication read by 3,000+ St. Augustine-area locals.

We’re choosing one aesthetics practice as our exclusive partner, meaning we won’t work with a competing aesthetics clinic. Mademoiselle Hair Salon looked like a strong fit.

Worth a quick look? I can send a 2-minute rundown right here, no call needed.

Andrew",5,new,,Instagram HTTP 200 | name source: google_business_profile | website category match: salon | market affinity: exact city address or core ZIP
2026-07-23,"St. Augustine, FL",St. Augustine Digest,staugustinedigest.com,aesthetics,Sasha Lindsey Hair Studio,https://www.instagram.com/sashalindsey_hair/,sashalindsey_hair,https://sashalindseyhairstudio.com/,your Google profile,the office,high-intent local wellness and family buyers,aesthetics work,aesthetics destination,"3,000+ St. Augustine high-intent local wellness and family buyers","Hi Sasha Lindsey Hair Studio! I found you through your Google profile and wanted to reach out. We run St. Augustine Digest, a local email publication read by 3,000+ St. Augustine-area locals.

We’re choosing one aesthetics practice as our exclusive partner, meaning we won’t work with a competing aesthetics clinic. Sasha Lindsey Hair Studio looked like a strong fit.

Worth a quick look? I can send a 2-minute rundown right here, no call needed.

Andrew",5,new,,Instagram HTTP 200 | name source: google_business_profile | website category match: salon | market affinity: exact city address or core ZIP
2026-07-23,"St. Augustine, FL",St. Augustine Digest,staugustinedigest.com,catering,The Roost Rotisserie Chicken & Latin Cuisine,https://www.instagram.com/theroost_fl/,theroost_fl,https://www.theroostfl.com/,your Google profile,partnerships,"locals planning events, weddings, and private celebrations",catering work,catering choice,"3,000+ St. Augustine locals planning events, weddings, and private celebrations","Hi The Roost Rotisserie Chicken & Latin Cuisine! I found you through your Google profile and wanted to reach out. We run St. Augustine Digest, a local email publication read by 3,000+ St. Augustine-area locals.

We’re choosing one catering company as our exclusive partner, meaning we won’t work with a competing caterer. The Roost Rotisserie Chicken & Latin Cuisine looked like a strong fit.

Worth a quick look? I can send a 2-minute rundown right here, no call needed.

Andrew",5,new,,Instagram HTTP 200 | name source: google_business_profile | website category match: catering | market affinity: exact city address or core ZIP
2026-07-23,"St. Augustine, FL",St. Augustine Digest,staugustinedigest.com,cosmetic dentistry,Heartland Dental,https://www.instagram.com/heartlanddental/,heartlanddental,https://heartland.com/,your Google profile,the office,high-intent local wellness and family buyers,cosmetic dentistry work,smile upgrade option,"3,000+ St. Augustine high-intent local wellness and family buyers","Hi Heartland Dental! I found you through your Google profile and wanted to reach out. We run St. Augustine Digest, a local email publication read by 3,000+ St. Augustine-area locals.

We’re choosing one cosmetic dental practice as our exclusive partner, meaning we won’t work with a competing cosmetic dental office. Heartland Dental looked like a strong fit.

Worth a quick look? I can send a 2-minute rundown right here, no call needed.

Andrew",5,new,,Instagram HTTP 200 | name source: google_business_profile | website category match: dentist | market affinity: exact city address or core ZIP
2026-07-23,"St. Augustine, FL",St. Augustine Digest,staugustinedigest.com,prenatal/women's health,Quest Diagnostics,https://www.instagram.com/questdx/,questdx,https://locations.questdiagnostics.com/fl/st-augustine/4475-us-highway-1-s/,your Google profile,the office,high-intent local wellness and family buyers,women's health work,women's health resource,"3,000+ St. Augustine high-intent local wellness and family buyers","Hi Quest Diagnostics! I found you through your Google profile and wanted to reach out. We run St. Augustine Digest, a local email publication read by 3,000+ St. Augustine-area locals.

We’re choosing one women's health practice as our exclusive partner, meaning we won’t work with a competing women's health clinic. Quest Diagnostics looked like a strong fit.

Worth a quick look? I can send a 2-minute rundown right here, no call needed.

Andrew",5,new,,Instagram HTTP 200 | name source: google_business_profile | website category match: women's health | market affinity: exact city address or core ZIP
2026-07-23,"St. Augustine, FL",St. Augustine Digest,staugustinedigest.com,women's wellness,Amazing Spine Care,https://www.instagram.com/amazingspinecare/,amazingspinecare,https://amazingspinecare.com/,your Google profile,the office,high-intent local wellness and family buyers,women's wellness work,women's wellness option,"3,000+ St. Augustine high-intent local wellness and family buyers","Hi Amazing Spine Care! I found you through your Google profile and wanted to reach out. We run St. Augustine Digest, a local email publication read by 3,000+ St. Augustine-area locals.

We’re choosing one women's wellness practice as our exclusive partner, meaning we won’t work with a competing women's wellness clinic. Amazing Spine Care looked like a strong fit.

Worth a quick look? I can send a 2-minute rundown right here, no call needed.

Andrew",5,new,,Instagram HTTP 200 | name source: google_business_profile | website category match: wellness | market affinity: exact city address or core ZIP
2026-07-23,"St. Augustine, FL",St. Augustine Digest,staugustinedigest.com,women's wellness,St. Augustine Direct Primary Care,https://www.instagram.com/staugustinedpc/,staugustinedpc,https://staugustinedirectprimarycare.com/,your Google profile,the office,high-intent local wellness and family buyers,women's wellness work,women's wellness option,"3,000+ St. Augustine high-intent local wellness and family buyers","Hi St. Augustine Direct Primary Care! I found you through your Google profile and wanted to reach out. We run St. Augustine Digest, a local email publication read by 3,000+ St. Augustine-area locals.

We’re choosing one women's wellness practice as our exclusive partner, meaning we won’t work with a competing women's wellness clinic. St. Augustine Direct Primary Care looked like a strong fit.

Worth a quick look? I can send a 2-minute rundown right here, no call needed.

Andrew",5,new,,Instagram HTTP 200 | name source: google_business_profile | website category match: wellness | market affinity: exact city address or core ZIP
2026-07-23,"St. Augustine, FL",St. Augustine Digest,staugustinedigest.com,aesthetics,Blossom Salon and Boutique,https://www.instagram.com/blossomsalonboutique/,blossomsalonboutique,http://blossomsalonandboutique.com/,your Google profile,the office,high-intent local wellness and family buyers,aesthetics work,aesthetics destination,"3,000+ St. Augustine high-intent local wellness and family buyers","Hi Blossom Salon and Boutique! I found you through your Google profile and wanted to reach out. We run St. Augustine Digest, a local email publication read by 3,000+ St. Augustine-area locals.

We’re choosing one aesthetics practice as our exclusive partner, meaning we won’t work with a competing aesthetics clinic. Blossom Salon and Boutique looked like a strong fit.

Worth a quick look? I can send a 2-minute rundown right here, no call needed.

Andrew",5,new,,Instagram HTTP 200 | name source: google_business_profile | website category match: salon | market affinity: exact city address or core ZIP
2026-07-23,"St. Augustine, FL",St. Augustine Digest,staugustinedigest.com,catering,Drake's Bistro,https://www.instagram.com/drakesbistrostaugustine/,drakesbistrostaugustine,https://drakesdeli.com/,your Google profile,partnerships,"locals planning events, weddings, and private celebrations",catering work,catering choice,"3,000+ St. Augustine locals planning events, weddings, and private celebrations","Hi Drake's Bistro! I found you through your Google profile and wanted to reach out. We run St. Augustine Digest, a local email publication read by 3,000+ St. Augustine-area locals.

We’re choosing one catering company as our exclusive partner, meaning we won’t work with a competing caterer. Drake's Bistro looked like a strong fit.

Worth a quick look? I can send a 2-minute rundown right here, no call needed.

Andrew",5,new,,Instagram HTTP 200 | name source: google_business_profile | website category match: catering | market affinity: exact city address or core ZIP
2026-07-23,"St. Augustine, FL",St. Augustine Digest,staugustinedigest.com,catering,Uptown Scratch Kitchen,https://www.instagram.com/uptownscratchkitchen/,uptownscratchkitchen,https://uptownscratchkitchen.com/,your Google profile,partnerships,"locals planning events, weddings, and private celebrations",catering work,catering choice,"3,000+ St. Augustine locals planning events, weddings, and private celebrations","Hi Uptown Scratch Kitchen! I found you through your Google profile and wanted to reach out. We run St. Augustine Digest, a local email publication read by 3,000+ St. Augustine-area locals.

We’re choosing one catering company as our exclusive partner, meaning we won’t work with a competing caterer. Uptown Scratch Kitchen looked like a strong fit.

Worth a quick look? I can send a 2-minute rundown right here, no call needed.

Andrew",5,new,,Instagram HTTP 200 | name source: google_business_profile | website category match: catering | market affinity: exact city address or core ZIP
2026-07-23,"St. Augustine, FL",St. Augustine Digest,staugustinedigest.com,insurance,Lite Speed Insurance,https://www.instagram.com/litespeedins/,litespeedins,https://litespeedins.com/,your Google profile,marketing,homeowners and families,insurance work,local insurance resource,"3,000+ St. Augustine homeowners and families","Hi Lite Speed Insurance! I found you through your Google profile and wanted to reach out. We run St. Augustine Digest, a local email publication read by 3,000+ St. Augustine-area locals.

We’re choosing one insurance agency as our exclusive partner, meaning we won’t work with a competing insurance agency. Lite Speed looked like a strong fit.

Worth a quick look? I can send a 2-minute rundown right here, no call needed.

Andrew",5,new,,Instagram HTTP 200 | name source: google_business_profile | website category match: insurance | market affinity: exact city address or core ZIP
2026-07-23,"St. Augustine, FL",St. Augustine Digest,staugustinedigest.com,interior design,J Turner and Co,https://www.instagram.com/jturnerandco/,jturnerandco,https://www.jturner.com/,your Google profile,marketing,homeowners and families,interior design work,home design choice,"3,000+ St. Augustine homeowners and families","Hi J Turner and Co! I found you through your Google profile and wanted to reach out. We run St. Augustine Digest, a local email publication read by 3,000+ St. Augustine-area locals.

We’re choosing one interior design studio as our exclusive partner, meaning we won’t work with a competing interior design firm. J Turner and Co looked like a strong fit.

Worth a quick look? I can send a 2-minute rundown right here, no call needed.

Andrew",5,new,,Instagram HTTP 200 | name source: google_business_profile | website category match: interior design | market affinity: exact city address or core ZIP
2026-07-23,"St. Augustine, FL",St. Augustine Digest,staugustinedigest.com,premium fitness,World Gym Beach,https://www.instagram.com/worldgyminternational/,worldgyminternational,https://www.worldgym.com/,your Google profile,marketing,high-intent local wellness and family buyers,fitness concept,fitness option,"3,000+ St. Augustine high-intent local wellness and family buyers","Hi World Gym Beach! I found you through your Google profile and wanted to reach out. We run St. Augustine Digest, a local email publication read by 3,000+ St. Augustine-area locals.

We’re choosing one fitness studio as our exclusive partner, meaning we won’t work with a competing fitness studio. World Gym Beach looked like a strong fit.

Worth a quick look? I can send a 2-minute rundown right here, no call needed.

Andrew",5,new,,Instagram HTTP 200 | name source: google_business_profile | website category match: gym | market affinity: exact city address or core ZIP
2026-07-23,"St. Augustine, FL",St. Augustine Digest,staugustinedigest.com,aesthetics,Maureen At The Parlor,https://www.instagram.com/maureenattheparlor/,maureenattheparlor,https://maureenella.com/,your Google profile,the office,high-intent local wellness and family buyers,aesthetics work,aesthetics destination,"3,000+ St. Augustine high-intent local wellness and family buyers","Hi Maureen At The Parlor! I found you through your Google profile and wanted to reach out. We run St. Augustine Digest, a local email publication read by 3,000+ St. Augustine-area locals.

We’re choosing one aesthetics practice as our exclusive partner, meaning we won’t work with a competing aesthetics clinic. Maureen At The Parlor looked like a strong fit.

Worth a quick look? I can send a 2-minute rundown right here, no call needed.

Andrew",5,new,,Instagram HTTP 200 | name source: google_business_profile | website category match: skin | market affinity: exact city address or core ZIP
2026-07-23,"St. Augustine, FL",St. Augustine Digest,staugustinedigest.com,private schools,Treaty Oaks Preparatory Academy,https://www.instagram.com/treatyoaksprep/,treatyoaksprep,https://www.treatyoaksprep.org/,your Google profile,admissions,families and parents,private school reputation,school choice,"3,000+ St. Augustine families and parents","Hi Treaty Oaks Preparatory Academy! I found you through your Google profile and wanted to reach out. We run St. Augustine Digest, a local email publication read by 3,000+ St. Augustine-area locals.

We’re choosing one private school as our exclusive partner, meaning we won’t work with a competing private school. Treaty Oaks Preparatory looked like a strong fit.

Worth a quick look? I can send a 2-minute rundown right here, no call needed.

Andrew",5,new,,Instagram HTTP 200 | name source: google_business_profile | website category match: academy | market affinity: exact city address or core ZIP
2026-07-23,"St. Augustine, FL",St. Augustine Digest,staugustinedigest.com,catering,Beachside Diner,https://www.instagram.com/a1abeachsidediner/,a1abeachsidediner,http://beachsidediner.com/,your Google profile,partnerships,"locals planning events, weddings, and private celebrations",catering work,catering choice,"3,000+ St. Augustine locals planning events, weddings, and private celebrations","Hi Beachside Diner! I found you through your Google profile and wanted to reach out. We run St. Augustine Digest, a local email publication read by 3,000+ St. Augustine-area locals.

We’re choosing one catering company as our exclusive partner, meaning we won’t work with a competing caterer. Beachside Diner looked like a strong fit.

Worth a quick look? I can send a 2-minute rundown right here, no call needed.

Andrew",5,new,,Instagram HTTP 200 | name source: google_business_profile | website category match: catering | market affinity: exact city address or core ZIP
2026-07-23,"St. Augustine, FL",St. Augustine Digest,staugustinedigest.com,catering,Maison Louis Cafe,https://www.instagram.com/maisonlouiscafe/,maisonlouiscafe,https://maisonlouiscafe.com/,your Google profile,partnerships,"locals planning events, weddings, and private celebrations",catering work,catering choice,"3,000+ St. Augustine locals planning events, weddings, and private celebrations","Hi Maison Louis Cafe! I found you through your Google profile and wanted to reach out. We run St. Augustine Digest, a local email publication read by 3,000+ St. Augustine-area locals.

We’re choosing one catering company as our exclusive partner, meaning we won’t work with a competing caterer. Maison Louis Cafe looked like a strong fit.

Worth a quick look? I can send a 2-minute rundown right here, no call needed.

Andrew",5,new,,Instagram HTTP 200 | name source: google_business_profile | website category match: catering | market affinity: exact city address or core ZIP
2026-07-23,"St. Augustine, FL",St. Augustine Digest,staugustinedigest.com,private schools,Florida Flyers Flight Academy & Pilot Training,https://www.instagram.com/floridaflyers/,floridaflyers,https://www.flightschoolusa.com/,your Google profile,admissions,families and parents,private school reputation,school choice,"3,000+ St. Augustine families and parents","Hi Florida Flyers Flight Academy & Pilot Training! I found you through your Google profile and wanted to reach out. We run St. Augustine Digest, a local email publication read by 3,000+ St. Augustine-area locals.

We’re choosing one private school as our exclusive partner, meaning we won’t work with a competing private school. Florida Flyers Flight Academy & Pilot Training looked like a strong fit.

Worth a quick look? I can send a 2-minute rundown right here, no call needed.

Andrew",5,new,,Instagram HTTP 200 | name source: google_business_profile | website category match: academy | market affinity: exact city address or core ZIP
2026-07-23,"St. Augustine, FL",St. Augustine Digest,staugustinedigest.com,catering,Cr me de la Cocoa,https://www.instagram.com/cremedelacocoa/,cremedelacocoa,https://www.cremedelacocoa.com/,your Google profile,partnerships,"locals planning events, weddings, and private celebrations",catering work,catering choice,"3,000+ St. Augustine locals planning events, weddings, and private celebrations","Hi Cr me de la Cocoa! I found you through your Google profile and wanted to reach out. We run St. Augustine Digest, a local email publication read by 3,000+ St. Augustine-area locals.

We’re choosing one catering company as our exclusive partner, meaning we won’t work with a competing caterer. Cr me de la Cocoa looked like a strong fit.

Worth a quick look? I can send a 2-minute rundown right here, no call needed.

Andrew",5,new,,Instagram HTTP 200 | name source: google_business_profile | website category match: corporate event | market affinity: exact city address or core ZIP
2026-07-23,"St. Augustine, FL",St. Augustine Digest,staugustinedigest.com,landscaping,Ideal Aluminum Products,https://www.instagram.com/idealaluminum/,idealaluminum,http://www.ideal-ap.com/,your Google profile,marketing,homeowners and families,landscaping work,outdoor upgrade choice,"3,000+ St. Augustine homeowners and families","Hi Ideal Aluminum Products! I found you through your Google profile and wanted to reach out. We run St. Augustine Digest, a local email publication read by 3,000+ St. Augustine-area locals.

We’re choosing one landscaping company as our exclusive partner, meaning we won’t work with a competing landscaping company. Ideal Aluminum Products looked like a strong fit.

Worth a quick look? I can send a 2-minute rundown right here, no call needed.

Andrew",5,new,,Instagram HTTP 200 | name source: google_business_profile | website category match: landscape | market affinity: exact city address or core ZIP
2026-07-23,"St. Augustine, FL",St. Augustine Digest,staugustinedigest.com,landscaping,JLS Pavers,https://www.instagram.com/jls_pavers/,jls_pavers,https://www.jlspavers.com/,your Google profile,marketing,homeowners and families,landscaping work,outdoor upgrade choice,"3,000+ St. Augustine homeowners and families","Hi JLS Pavers! I found you through your Google profile and wanted to reach out. We run St. Augustine Digest, a local email publication read by 3,000+ St. Augustine-area locals.

We’re choosing one landscaping company as our exclusive partner, meaning we won’t work with a competing landscaping company. JLS Pavers looked like a strong fit.

Worth a quick look? I can send a 2-minute rundown right here, no call needed.

Andrew",5,new,,Instagram HTTP 200 | name source: google_business_profile | website category match: landscape | market affinity: exact city address or core ZIP
2026-07-23,"St. Augustine, FL",St. Augustine Digest,staugustinedigest.com,med spas,CARE Esthetics,https://www.instagram.com/careestheticsusa/,careestheticsusa,https://care-esthetics.com/,your Google profile,the office,high-intent local wellness and family buyers,med spa concept,go-to med spa,"3,000+ St. Augustine high-intent local wellness and family buyers","Hi CARE Esthetics! I found you through your Google profile and wanted to reach out. We run St. Augustine Digest, a local email publication read by 3,000+ St. Augustine-area locals.

We’re choosing one med spa as our exclusive partner, meaning we won’t work with a competing med spa. CARE Esthetics looked like a strong fit.

Worth a quick look? I can send a 2-minute rundown right here, no call needed.

Andrew",5,new,,Instagram HTTP 200 | name source: google_business_profile | website category match: botox | market affinity: exact city address or core ZIP
2026-07-23,"St. Augustine, FL",St. Augustine Digest,staugustinedigest.com,premium fitness,Fighting Chance Fitness,https://www.instagram.com/moproteam/,moproteam,https://www.fightingchancebjj.com/,your Google profile,marketing,high-intent local wellness and family buyers,fitness concept,fitness option,"3,000+ St. Augustine high-intent local wellness and family buyers","Hi Fighting Chance Fitness! I found you through your Google profile and wanted to reach out. We run St. Augustine Digest, a local email publication read by 3,000+ St. Augustine-area locals.

We’re choosing one fitness studio as our exclusive partner, meaning we won’t work with a competing fitness studio. Fighting Chance Fitness looked like a strong fit.

Worth a quick look? I can send a 2-minute rundown right here, no call needed.

Andrew",5,new,,Instagram HTTP 200 | name source: google_business_profile | website category match: fitness | market affinity: exact city address or core ZIP
2026-07-23,"St. Augustine, FL",St. Augustine Digest,staugustinedigest.com,premium fitness,TriForce CrossFit,https://www.instagram.com/triforce_crossfit/,triforce_crossfit,https://triforcecrossfit.com/,your Google profile,marketing,high-intent local wellness and family buyers,fitness concept,fitness option,"3,000+ St. Augustine high-intent local wellness and family buyers","Hi TriForce CrossFit! I found you through your Google profile and wanted to reach out. We run St. Augustine Digest, a local email publication read by 3,000+ St. Augustine-area locals.

We’re choosing one fitness studio as our exclusive partner, meaning we won’t work with a competing fitness studio. TriForce CrossFit looked like a strong fit.

Worth a quick look? I can send a 2-minute rundown right here, no call needed.

Andrew",5,new,,Instagram HTTP 200 | name source: google_business_profile | website category match: fitness | market affinity: exact city address or core ZIP
2026-07-23,"St. Augustine, FL",St. Augustine Digest,staugustinedigest.com,private schools,Crimson Coaching,https://www.instagram.com/crimsoncoaching/,crimsoncoaching,https://www.crimsoncoaching.com/,your Google profile,admissions,families and parents,private school reputation,school choice,"3,000+ St. Augustine families and parents","Hi Crimson Coaching! I found you through your Google profile and wanted to reach out. We run St. Augustine Digest, a local email publication read by 3,000+ St. Augustine-area locals.

We’re choosing one private school as our exclusive partner, meaning we won’t work with a competing private school. Crimson Coaching looked like a strong fit.

Worth a quick look? I can send a 2-minute rundown right here, no call needed.

Andrew",5,new,,Instagram HTTP 200 | name source: google_business_profile | website category match: independent school | market affinity: exact city address or core ZIP
2026-07-23,"St. Augustine, FL",St. Augustine Digest,staugustinedigest.com,remodeling,East Coast Pools & Spas,https://www.instagram.com/eastcoastpoolsspas/,eastcoastpoolsspas,https://eastcoastpoolsandspas.com/,your Google profile,marketing,homeowners and families,remodeling work,home upgrade choice,"3,000+ St. Augustine homeowners and families","Hi East Coast Pools & Spas! I found you through your Google profile and wanted to reach out. We run St. Augustine Digest, a local email publication read by 3,000+ St. Augustine-area locals.

We’re choosing one remodeling company as our exclusive partner, meaning we won’t work with a competing remodeling company. East Coast Pools & Spas looked like a strong fit.

Worth a quick look? I can send a 2-minute rundown right here, no call needed.

Andrew",5,new,,Instagram HTTP 200 | name source: google_business_profile | website category match: remodel | market affinity: exact city address or core ZIP
2026-07-23,"St. Augustine, FL",St. Augustine Digest,staugustinedigest.com,remodeling,First Choice Flooring,https://www.instagram.com/firstchoice_flooring/,firstchoice_flooring,https://firstchoiceflooringllc.com/,your Google profile,marketing,homeowners and families,remodeling work,home upgrade choice,"3,000+ St. Augustine homeowners and families","Hi First Choice Flooring! I found you through your Google profile and wanted to reach out. We run St. Augustine Digest, a local email publication read by 3,000+ St. Augustine-area locals.

We’re choosing one remodeling company as our exclusive partner, meaning we won’t work with a competing remodeling company. First Choice Flooring looked like a strong fit.

Worth a quick look? I can send a 2-minute rundown right here, no call needed.

Andrew",5,new,,Instagram HTTP 200 | name source: google_business_profile | website category match: kitchen | market affinity: exact city address or core ZIP
2026-07-23,"St. Augustine, FL",St. Augustine Digest,staugustinedigest.com,roofing,Collis Roofing,https://www.instagram.com/collisroofing/,collisroofing,https://www.collisroofing.com/,your Google profile,marketing,homeowners and families,roofing reputation,roofing choice,"3,000+ St. Augustine homeowners and families","Hi Collis Roofing! I found you through your Google profile and wanted to reach out. We run St. Augustine Digest, a local email publication read by 3,000+ St. Augustine-area locals.

We’re choosing one roofing company as our exclusive partner, meaning we won’t work with a competing roofing company. Collis looked like a strong fit.

Worth a quick look? I can send a 2-minute rundown right here, no call needed.

Andrew",5,new,,Instagram HTTP 200 | name source: google_business_profile | website category match: roofing | market affinity: exact city address or core ZIP
2026-07-23,"St. Augustine, FL",St. Augustine Digest,staugustinedigest.com,women's wellness,Conscious Practice Therapy and Wellness,https://www.instagram.com/drjenniferwilson/,drjenniferwilson,https://drjenniferwilson.com/,your Google profile,the office,high-intent local wellness and family buyers,women's wellness work,women's wellness option,"3,000+ St. Augustine high-intent local wellness and family buyers","Hi Conscious Practice Therapy and Wellness! I found you through your Google profile and wanted to reach out. We run St. Augustine Digest, a local email publication read by 3,000+ St. Augustine-area locals.

We’re choosing one women's wellness practice as our exclusive partner, meaning we won’t work with a competing women's wellness clinic. Conscious Practice Therapy and Wellness looked like a strong fit.

Worth a quick look? I can send a 2-minute rundown right here, no call needed.

Andrew",5,new,,Instagram HTTP 200 | name source: google_business_profile | website category match: wellness | market affinity: exact city address or core ZIP
2026-07-23,"St. Augustine, FL",St. Augustine Digest,staugustinedigest.com,women's wellness,Michelle Dawnn Clarity Coach,https://www.instagram.com/coachmichelledawnn/,coachmichelledawnn,https://www.michelledawnn.com/,your Google profile,the office,high-intent local wellness and family buyers,women's wellness work,women's wellness option,"3,000+ St. Augustine high-intent local wellness and family buyers","Hi Michelle Dawnn Clarity Coach! I found you through your Google profile and wanted to reach out. We run St. Augustine Digest, a local email publication read by 3,000+ St. Augustine-area locals.

We’re choosing one women's wellness practice as our exclusive partner, meaning we won’t work with a competing women's wellness clinic. Michelle Dawnn Clarity Coach looked like a strong fit.

Worth a quick look? I can send a 2-minute rundown right here, no call needed.

Andrew",5,new,,Instagram HTTP 200 | name source: google_business_profile | website category match: women | market affinity: exact city address or core ZIP
2026-07-23,"St. Augustine, FL",St. Augustine Digest,staugustinedigest.com,women's wellness,Roots Holistic Wellness and Physical Therapy Clinic,https://www.instagram.com/rootsholisticclinic/,rootsholisticclinic,https://rootsholistic.co/,your Google profile,the office,high-intent local wellness and family buyers,women's wellness work,women's wellness option,"3,000+ St. Augustine high-intent local wellness and family buyers","Hi Roots Holistic Wellness and Physical Therapy Clinic! I found you through your Google profile and wanted to reach out. We run St. Augustine Digest, a local email publication read by 3,000+ St. Augustine-area locals.

We’re choosing one women's wellness practice as our exclusive partner, meaning we won’t work with a competing women's wellness clinic. Roots Holistic Wellness and Physical Therapy Clinic looked like a strong fit.

Worth a quick look? I can send a 2-minute rundown right here, no call needed.

Andrew",5,new,,Instagram HTTP 200 | name source: google_business_profile | website category match: wellness | market affinity: exact city address or core ZIP
2026-07-23,"St. Augustine, FL",St. Augustine Digest,staugustinedigest.com,women's wellness,Samantha Bolton RD,https://www.instagram.com/faynutrition/,faynutrition,https://www.faynutrition.com/dietitians/samantha-bolton/,your Google profile,the office,high-intent local wellness and family buyers,women's wellness work,women's wellness option,"3,000+ St. Augustine high-intent local wellness and family buyers","Hi Samantha Bolton RD! I found you through your Google profile and wanted to reach out. We run St. Augustine Digest, a local email publication read by 3,000+ St. Augustine-area locals.

We’re choosing one women's wellness practice as our exclusive partner, meaning we won’t work with a competing women's wellness clinic. Samantha Bolton RD looked like a strong fit.

Worth a quick look? I can send a 2-minute rundown right here, no call needed.

Andrew",5,new,,Instagram HTTP 200 | name source: google_business_profile | website category match: wellness | market affinity: exact city address or core ZIP
2026-07-23,"St. Augustine, FL",St. Augustine Digest,staugustinedigest.com,private schools,Star Song School,https://www.instagram.com/squarespace/,squarespace,https://www.starsongschool.com/contact/,your Google profile,admissions,families and parents,private school reputation,school choice,"3,000+ St. Augustine families and parents","Hi Star Song School! I found you through your Google profile and wanted to reach out. We run St. Augustine Digest, a local email publication read by 3,000+ St. Augustine-area locals.

We’re choosing one private school as our exclusive partner, meaning we won’t work with a competing private school. Star Song School looked like a strong fit.

Worth a quick look? I can send a 2-minute rundown right here, no call needed.

Andrew",5,new,,Instagram HTTP 200 | name source: google_business_profile | website category match: school | market affinity: exact city address or core ZIP
2026-07-23,"St. Augustine, FL",St. Augustine Digest,staugustinedigest.com,landscaping,SH Solutions,https://www.instagram.com/shsolutionsllc/,shsolutionsllc,https://www.shsolutionsstaug.com/,your Google profile,marketing,homeowners and families,landscaping work,outdoor upgrade choice,"3,000+ St. Augustine homeowners and families","Hi SH Solutions! I found you through your Google profile and wanted to reach out. We run St. Augustine Digest, a local email publication read by 3,000+ St. Augustine-area locals.

We’re choosing one landscaping company as our exclusive partner, meaning we won’t work with a competing landscaping company. SH Solutions looked like a strong fit.

Worth a quick look? I can send a 2-minute rundown right here, no call needed.

Andrew",5,new,,Instagram HTTP 200 | name source: google_business_profile | website category match: landscape | market affinity: exact city address or core ZIP
2026-07-23,"St. Augustine, FL",St. Augustine Digest,staugustinedigest.com,catering,Culinary Experiences,https://www.instagram.com/culinaryexperiencesllc/,culinaryexperiencesllc,https://www.culinaryexperiencesllc.com/,your website,partnerships,"locals planning events, weddings, and private celebrations",catering work,catering choice,"3,000+ St. Augustine locals planning events, weddings, and private celebrations","Hi Culinary Experiences! I found you through your website and wanted to reach out. We run St. Augustine Digest, a local email publication read by 3,000+ St. Augustine-area locals.

We’re choosing one catering company as our exclusive partner, meaning we won’t work with a competing caterer. Culinary Experiences looked like a strong fit.

Worth a quick look? I can send a 2-minute rundown right here, no call needed.

Andrew",5,new,,Instagram HTTP 200 | name source: google_business_profile | website category match: catering | market affinity: vilano; explicit St. Augustine market/service evidence
2026-07-23,"St. Augustine, FL",St. Augustine Digest,staugustinedigest.com,aesthetics,Ruby Nails St. Augustine,https://www.instagram.com/rubynails_staugustine/,rubynails_staugustine,https://rubynailsstaugustine.com/,your Google profile,the office,high-intent local wellness and family buyers,aesthetics work,aesthetics destination,"3,000+ St. Augustine high-intent local wellness and family buyers","Hi Ruby Nails St. Augustine! I found you through your Google profile and wanted to reach out. We run St. Augustine Digest, a local email publication read by 3,000+ St. Augustine-area locals.

We’re choosing one aesthetics practice as our exclusive partner, meaning we won’t work with a competing aesthetics clinic. Ruby Nails St. Augustine looked like a strong fit.

Worth a quick look? I can send a 2-minute rundown right here, no call needed.

Andrew",4,new,,Instagram HTTP 200 | name source: google_business_profile | website category match: salon | market affinity: exact city address or core ZIP
2026-07-23,"St. Augustine, FL",St. Augustine Digest,staugustinedigest.com,pet care,Star 4 Equestrian,https://www.instagram.com/star4equestrian/,star4equestrian,http://www.star4equestrian.com/contact.html/,your Google profile,marketing,families and parents,pet care concept,pet care choice,"3,000+ St. Augustine families and parents","Hi Star 4 Equestrian! I found you through your Google profile and wanted to reach out. We run St. Augustine Digest, a local email publication read by 3,000+ St. Augustine-area locals.

We’re choosing one pet care business as our exclusive partner, meaning we won’t work with a competing pet care provider. Star 4 Equestrian looked like a strong fit.

Worth a quick look? I can send a 2-minute rundown right here, no call needed.

Andrew",4,new,,Instagram HTTP 200 | name source: google_business_profile | website category match: boarding | market affinity: exact city address or core ZIP
2026-07-23,"St. Augustine, FL",St. Augustine Digest,staugustinedigest.com,remodeling,EZ Garage Solutions,https://www.instagram.com/ezgaragesolutions/,ezgaragesolutions,https://www.ezgaragesolutions.com/,your Google profile,marketing,homeowners and families,remodeling work,home upgrade choice,"3,000+ St. Augustine homeowners and families","Hi EZ Garage Solutions! I found you through your Google profile and wanted to reach out. We run St. Augustine Digest, a local email publication read by 3,000+ St. Augustine-area locals.

We’re choosing one remodeling company as our exclusive partner, meaning we won’t work with a competing remodeling company. EZ Garage Solutions looked like a strong fit.

Worth a quick look? I can send a 2-minute rundown right here, no call needed.

Andrew",4,new,,Instagram HTTP 200 | name source: google_business_profile | website category match: kitchen | market affinity: exact city address or core ZIP
2026-07-23,"St. Augustine, FL",St. Augustine Digest,staugustinedigest.com,premium fitness,Gracie Barra Saint Augustine Shores,https://www.instagram.com/gb_staugustineshores/,gb_staugustineshores,https://gbsaintaugustineshores.com/,your Google profile,marketing,high-intent local wellness and family buyers,fitness concept,fitness option,"3,000+ St. Augustine high-intent local wellness and family buyers","Hi Gracie Barra Saint Augustine Shores! I found you through your Google profile and wanted to reach out. We run St. Augustine Digest, a local email publication read by 3,000+ St. Augustine-area locals.

We’re choosing one fitness studio as our exclusive partner, meaning we won’t work with a competing fitness studio. Gracie Barra Saint Augustine Shores looked like a strong fit.

Worth a quick look? I can send a 2-minute rundown right here, no call needed.

Andrew",4,new,,Instagram HTTP 200 | name source: google_business_profile | website category match: gym | market affinity: exact city address or core ZIP
2026-07-23,"St. Augustine, FL",St. Augustine Digest,staugustinedigest.com,private schools,Happy Waves Surf School,https://www.instagram.com/happy__waves/,happy__waves,https://www.happywaves.surf/,your Google profile,admissions,families and parents,private school reputation,school choice,"3,000+ St. Augustine families and parents","Hi Happy Waves Surf School! I found you through your Google profile and wanted to reach out. We run St. Augustine Digest, a local email publication read by 3,000+ St. Augustine-area locals.

We’re choosing one private school as our exclusive partner, meaning we won’t work with a competing private school. Happy Waves Surf School looked like a strong fit.

Worth a quick look? I can send a 2-minute rundown right here, no call needed.

Andrew",4,new,,Instagram HTTP 200 | name source: google_business_profile | website category match: school | market affinity: exact city address or core ZIP
2026-07-23,"St. Augustine, FL",St. Augustine Digest,staugustinedigest.com,premium fitness,Renzo Gracie St. Augustine,https://www.instagram.com/renzograciest.augustine/,renzograciest.augustine,https://renzograciestaugustine.com/,your Google profile,marketing,high-intent local wellness and family buyers,fitness concept,fitness option,"3,000+ St. Augustine high-intent local wellness and family buyers","Hi Renzo Gracie St. Augustine! I found you through your Google profile and wanted to reach out. We run St. Augustine Digest, a local email publication read by 3,000+ St. Augustine-area locals.

We’re choosing one fitness studio as our exclusive partner, meaning we won’t work with a competing fitness studio. Renzo Gracie St. Augustine looked like a strong fit.

Worth a quick look? I can send a 2-minute rundown right here, no call needed.

Andrew",4,new,,Instagram HTTP 200 | name source: google_business_profile | website category match: gym | market affinity: exact city address or core ZIP
2026-07-23,"St. Augustine, FL",St. Augustine Digest,staugustinedigest.com,pet care,Pet-friendly St Augustine Home Steps to Downtown,https://www.instagram.com/voyabay/,voyabay,https://voyabay.com/rentals/lp656c1239/,your Google profile,marketing,families and parents,pet care concept,pet care choice,"3,000+ St. Augustine families and parents","Hi Pet-friendly St Augustine Home Steps to Downtown! I found you through your Google profile and wanted to reach out. We run St. Augustine Digest, a local email publication read by 3,000+ St. Augustine-area locals.

We’re choosing one pet care business as our exclusive partner, meaning we won’t work with a competing pet care provider. Pet-friendly St Augustine Home Steps to Downtown looked like a strong fit.

Worth a quick look? I can send a 2-minute rundown right here, no call needed.

Andrew",4,new,,Instagram HTTP 200 | name source: google_business_profile | website category match: pet | market affinity: exact city address or core ZIP
2026-07-23,"St. Augustine, FL",St. Augustine Digest,staugustinedigest.com,private schools,Therapeutic Learning Center,https://www.instagram.com/arcofthestjohns/,arcofthestjohns,https://www.arcsj.org/,your Google profile,admissions,families and parents,private school reputation,school choice,"3,000+ St. Augustine families and parents","Hi Therapeutic Learning Center! I found you through your Google profile and wanted to reach out. We run St. Augustine Digest, a local email publication read by 3,000+ St. Augustine-area locals.

We’re choosing one private school as our exclusive partner, meaning we won’t work with a competing private school. Therapeutic Learning Center looked like a strong fit.

Worth a quick look? I can send a 2-minute rundown right here, no call needed.

Andrew",4,new,,Instagram HTTP 200 | name source: google_business_profile | website category match: school | market affinity: exact city address or core ZIP
2026-07-23,"St. Augustine, FL",St. Augustine Digest,staugustinedigest.com,home care,Baptist Rehabilitation,https://www.instagram.com/baptisthealthjx/,baptisthealthjx,https://www.baptistjax.com/services/rehabilitation-services/,your Google profile,marketing,"adult children, families, and local caregivers",home care work,trusted home care resource,"3,000+ St. Augustine adult children, families, and local caregivers","Hi Baptist Rehabilitation! I found you through your Google profile and wanted to reach out. We run St. Augustine Digest, a local email publication read by 3,000+ St. Augustine-area locals.

We’re choosing one home care provider as our exclusive partner, meaning we won’t work with a competing home care agency. Baptist Rehabilitation looked like a strong fit.

Worth a quick look? I can send a 2-minute rundown right here, no call needed.

Andrew",4,new,,Instagram HTTP 200 | name source: google_business_profile | website category match: caregiver | market affinity: exact city address or core ZIP
2026-07-23,"St. Augustine, FL",St. Augustine Digest,staugustinedigest.com,aesthetics,Beetan St Augustine,https://www.instagram.com/beettan_st.augustine/,beettan_st.augustine,https://beettan.com/st.augustine-fl/,your Google profile,the office,high-intent local wellness and family buyers,aesthetics work,aesthetics destination,"3,000+ St. Augustine high-intent local wellness and family buyers","Hi Beetan St Augustine! I found you through your Google profile and wanted to reach out. We run St. Augustine Digest, a local email publication read by 3,000+ St. Augustine-area locals.

We’re choosing one aesthetics practice as our exclusive partner, meaning we won’t work with a competing aesthetics clinic. Beetan St Augustine looked like a strong fit.

Worth a quick look? I can send a 2-minute rundown right here, no call needed.

Andrew",4,new,,Instagram HTTP 200 | name source: google_business_profile | website category match: skin | market affinity: exact city address or core ZIP
2026-07-23,"St. Augustine, FL",St. Augustine Digest,staugustinedigest.com,interior design,1st Coast Window Tinting,https://www.instagram.com/1stcoasttinting/,1stcoasttinting,https://www.1stcoastwindowtinting.com/,your Google profile,marketing,homeowners and families,interior design work,home design choice,"3,000+ St. Augustine homeowners and families","Hi 1st Coast Window Tinting! I found you through your Google profile and wanted to reach out. We run St. Augustine Digest, a local email publication read by 3,000+ St. Augustine-area locals.

We’re choosing one interior design studio as our exclusive partner, meaning we won’t work with a competing interior design firm. 1st Coast Window Tinting looked like a strong fit.

Worth a quick look? I can send a 2-minute rundown right here, no call needed.

Andrew",4,new,,Instagram HTTP 200 | name source: google_business_profile | website category match: decor | market affinity: exact city address or core ZIP
2026-07-23,"St. Augustine, FL",St. Augustine Digest,staugustinedigest.com,premium fitness,Kick Star Martial Arts,https://www.instagram.com/kickstarmartialarts/,kickstarmartialarts,https://www.kickstarma.com/,your Google profile,marketing,high-intent local wellness and family buyers,fitness concept,fitness option,"3,000+ St. Augustine high-intent local wellness and family buyers","Hi Kick Star Martial Arts! I found you through your Google profile and wanted to reach out. We run St. Augustine Digest, a local email publication read by 3,000+ St. Augustine-area locals.

We’re choosing one fitness studio as our exclusive partner, meaning we won’t work with a competing fitness studio. Kick Star Martial Arts looked like a strong fit.

Worth a quick look? I can send a 2-minute rundown right here, no call needed.

Andrew",4,new,,Instagram HTTP 200 | name source: google_business_profile | website category match: fitness | market affinity: exact city address or core ZIP
2026-07-23,"St. Augustine, FL",St. Augustine Digest,staugustinedigest.com,women's wellness,Nature We Trust Wellness Market,https://www.instagram.com/naturewetruststaug/,naturewetruststaug,https://naturewetrust.com/,your Google profile,the office,high-intent local wellness and family buyers,women's wellness work,women's wellness option,"3,000+ St. Augustine high-intent local wellness and family buyers","Hi Nature We Trust Wellness Market! I found you through your Google profile and wanted to reach out. We run St. Augustine Digest, a local email publication read by 3,000+ St. Augustine-area locals.

We’re choosing one women's wellness practice as our exclusive partner, meaning we won’t work with a competing women's wellness clinic. Nature We Trust Wellness Market looked like a strong fit.

Worth a quick look? I can send a 2-minute rundown right here, no call needed.

Andrew",4,new,,Instagram HTTP 200 | name source: google_business_profile | website category match: health | market affinity: exact city address or core ZIP
2026-07-23,"St. Augustine, FL",St. Augustine Digest,staugustinedigest.com,remodeling,Cabinet Factory Outlet,https://www.instagram.com/cabinetfactoryoutlet/,cabinetfactoryoutlet,https://thecabinetfactoryoutlet.com/,your Google profile,marketing,homeowners and families,remodeling work,home upgrade choice,"3,000+ St. Augustine homeowners and families","Hi Cabinet Factory Outlet! I found you through your Google profile and wanted to reach out. We run St. Augustine Digest, a local email publication read by 3,000+ St. Augustine-area locals.

We’re choosing one remodeling company as our exclusive partner, meaning we won’t work with a competing remodeling company. Cabinet Factory Outlet looked like a strong fit.

Worth a quick look? I can send a 2-minute rundown right here, no call needed.

Andrew",4,new,,Instagram HTTP 200 | name source: google_business_profile | Instagram bio/display category match: remodel | market affinity: exact city address or core ZIP
2026-07-23,"St. Augustine, FL",St. Augustine Digest,staugustinedigest.com,event venues,Casa de Solana Bed & Breakfast,https://www.instagram.com/staycasa/,staycasa,https://casadesolana.com/,your Google profile,partnerships,"locals planning events, weddings, and private celebrations",event venue concept,private event venue,"3,000+ St. Augustine locals planning events, weddings, and private celebrations","Hi Casa de Solana Bed & Breakfast! I found you through your Google profile and wanted to reach out. We run St. Augustine Digest, a local email publication read by 3,000+ St. Augustine-area locals.

We’re choosing one event venue as our exclusive partner, meaning we won’t work with a competing event venue. Casa de Solana Bed & Breakfast looked like a strong fit.

Worth a quick look? I can send a 2-minute rundown right here, no call needed.

Andrew",4,new,,Instagram HTTP 200 | name source: google_business_profile | Instagram bio/display category match: event venue | market affinity: exact city address or core ZIP
2026-07-23,"St. Augustine, FL",St. Augustine Digest,staugustinedigest.com,event venues,The Venue in St Augustine,https://www.instagram.com/thevenue_sta/,thevenue_sta,https://www.thevenuesta.com/,your Google profile,partnerships,"locals planning events, weddings, and private celebrations",event venue concept,private event venue,"3,000+ St. Augustine locals planning events, weddings, and private celebrations","Hi The Venue in St Augustine! I found you through your Google profile and wanted to reach out. We run St. Augustine Digest, a local email publication read by 3,000+ St. Augustine-area locals.

We’re choosing one event venue as our exclusive partner, meaning we won’t work with a competing event venue. The Venue in St Augustine looked like a strong fit.

Worth a quick look? I can send a 2-minute rundown right here, no call needed.

Andrew",4,new,,Instagram HTTP 200 | name source: google_business_profile | Instagram bio/display category match: event venue | market affinity: exact city address or core ZIP
2026-07-23,"St. Augustine, FL",St. Augustine Digest,staugustinedigest.com,premium fitness,3'N Motion Dance Studio of Saint Augustine,https://www.instagram.com/3nmotiondancestudio/,3nmotiondancestudio,https://www.3nmotion.org/,your Google profile,marketing,high-intent local wellness and family buyers,fitness concept,fitness option,"3,000+ St. Augustine high-intent local wellness and family buyers","Hi 3'N Motion Dance Studio of Saint Augustine! I found you through your Google profile and wanted to reach out. We run St. Augustine Digest, a local email publication read by 3,000+ St. Augustine-area locals.

We’re choosing one fitness studio as our exclusive partner, meaning we won’t work with a competing fitness studio. 3'N Motion Dance Studio of Saint Augustine looked like a strong fit.

Worth a quick look? I can send a 2-minute rundown right here, no call needed.

Andrew",4,new,,Instagram HTTP 200 | name source: google_business_profile | Instagram bio/display category match: fitness | market affinity: exact city address or core ZIP
2026-07-23,"St. Augustine, FL",St. Augustine Digest,staugustinedigest.com,premium fitness,Saint Augustine Ballet,https://www.instagram.com/staugustineballet/,staugustineballet,https://www.saintaugustineballet.org/,your Google profile,marketing,high-intent local wellness and family buyers,fitness concept,fitness option,"3,000+ St. Augustine high-intent local wellness and family buyers","Hi Saint Augustine Ballet! I found you through your Google profile and wanted to reach out. We run St. Augustine Digest, a local email publication read by 3,000+ St. Augustine-area locals.

We’re choosing one fitness studio as our exclusive partner, meaning we won’t work with a competing fitness studio. Saint Augustine Ballet looked like a strong fit.

Worth a quick look? I can send a 2-minute rundown right here, no call needed.

Andrew",4,new,,Instagram HTTP 200 | name source: google_business_profile | Instagram bio/display category match: fitness | market affinity: exact city address or core ZIP
2026-07-23,"St. Augustine, FL",St. Augustine Digest,staugustinedigest.com,aesthetics,Nails So Happy,https://www.instagram.com/nailsohappystaugustine/,nailsohappystaugustine,https://nailsohappysalon.com/,your Google profile,the office,high-intent local wellness and family buyers,aesthetics work,aesthetics destination,"3,000+ St. Augustine high-intent local wellness and family buyers","Hi Nails So Happy! I found you through your Google profile and wanted to reach out. We run St. Augustine Digest, a local email publication read by 3,000+ St. Augustine-area locals.

We’re choosing one aesthetics practice as our exclusive partner, meaning we won’t work with a competing aesthetics clinic. Nails So Happy looked like a strong fit.

Worth a quick look? I can send a 2-minute rundown right here, no call needed.

Andrew",4,new,,Instagram HTTP 200 | name source: google_business_profile | website category match: salon | market affinity: exact city address or core ZIP
2026-07-23,"St. Augustine, FL",St. Augustine Digest,staugustinedigest.com,business law,St. Johns County Legal Aid,https://www.instagram.com/jaxlegalaid/,jaxlegalaid,https://www.jaxlegalaid.org/,your Google profile,marketing,"homeowners, families, and business owners",business law work,business law resource,"3,000+ St. Augustine homeowners, families, and business owners","Hi St. Johns County Legal Aid! I found you through your Google profile and wanted to reach out. We run St. Augustine Digest, a local email publication read by 3,000+ St. Augustine-area locals.

We’re choosing one business law firm as our exclusive partner, meaning we won’t work with a competing business law firm. St. Johns County Legal Aid looked like a strong fit.

Worth a quick look? I can send a 2-minute rundown right here, no call needed.

Andrew",4,new,,Instagram HTTP 200 | name source: google_business_profile | website category match: legal | market affinity: exact city address or core ZIP
2026-07-23,"St. Augustine, FL",St. Augustine Digest,staugustinedigest.com,interior design,ARTFORM Kitchens,https://www.instagram.com/artformkitchensxmolly/,artformkitchensxmolly,https://www.artform-kitchens.com/,your Google profile,marketing,homeowners and families,interior design work,home design choice,"3,000+ St. Augustine homeowners and families","Hi ARTFORM Kitchens! I found you through your Google profile and wanted to reach out. We run St. Augustine Digest, a local email publication read by 3,000+ St. Augustine-area locals.

We’re choosing one interior design studio as our exclusive partner, meaning we won’t work with a competing interior design firm. ARTFORM Kitchens looked like a strong fit.

Worth a quick look? I can send a 2-minute rundown right here, no call needed.

Andrew",4,new,,Instagram HTTP 200 | name source: google_business_profile | website category match: interior design | market affinity: exact city address or core ZIP
2026-07-23,"St. Augustine, FL",St. Augustine Digest,staugustinedigest.com,private schools,Champion Church,https://www.instagram.com/championchurch_/,championchurch_,https://championchurch.cc/,your Google profile,admissions,families and parents,private school reputation,school choice,"3,000+ St. Augustine families and parents","Hi Champion Church! I found you through your Google profile and wanted to reach out. We run St. Augustine Digest, a local email publication read by 3,000+ St. Augustine-area locals.

We’re choosing one private school as our exclusive partner, meaning we won’t work with a competing private school. Champion Church looked like a strong fit.

Worth a quick look? I can send a 2-minute rundown right here, no call needed.

Andrew",4,new,,Instagram HTTP 200 | name source: google_business_profile | website category match: school | market affinity: exact city address or core ZIP
2026-07-23,"St. Augustine, FL",St. Augustine Digest,staugustinedigest.com,event venues,The Legacy,https://www.instagram.com/thelegacyfl/,thelegacyfl,https://www.thelegacysta.com/,your Google profile,partnerships,"locals planning events, weddings, and private celebrations",event venue concept,private event venue,"3,000+ St. Augustine locals planning events, weddings, and private celebrations","Hi The Legacy! I found you through your Google profile and wanted to reach out. We run St. Augustine Digest, a local email publication read by 3,000+ St. Augustine-area locals.

We’re choosing one event venue as our exclusive partner, meaning we won’t work with a competing event venue. The Legacy looked like a strong fit.

Worth a quick look? I can send a 2-minute rundown right here, no call needed.

Andrew",4,new,,Instagram HTTP 200 | name source: google_business_profile | website category match: wedding venue | market affinity: exact city address or core ZIP
2026-07-23,"St. Augustine, FL",St. Augustine Digest,staugustinedigest.com,catering,Tula Rose Floral & Event Design,https://www.instagram.com/tularosefloralevents/,tularosefloralevents,https://tularoseevents.com/,your Google profile,partnerships,"locals planning events, weddings, and private celebrations",catering work,catering choice,"3,000+ St. Augustine locals planning events, weddings, and private celebrations","Hi Tula Rose Floral & Event Design! I found you through your Google profile and wanted to reach out. We run St. Augustine Digest, a local email publication read by 3,000+ St. Augustine-area locals.

We’re choosing one catering company as our exclusive partner, meaning we won’t work with a competing caterer. Tula Rose Floral & Event Design looked like a strong fit.

Worth a quick look? I can send a 2-minute rundown right here, no call needed.

Andrew",4,new,,Instagram HTTP 200 | name source: google_business_profile | website category match: wedding | market affinity: exact city address or core ZIP
2026-07-23,"St. Augustine, FL",St. Augustine Digest,staugustinedigest.com,roofing,KTM Exteriors,https://www.instagram.com/ktmroofsfl/,ktmroofsfl,https://ktmroofs.com/,your Google profile,marketing,homeowners and families,roofing reputation,roofing choice,"3,000+ St. Augustine homeowners and families","Hi KTM Exteriors! I found you through your Google profile and wanted to reach out. We run St. Augustine Digest, a local email publication read by 3,000+ St. Augustine-area locals.

We’re choosing one roofing company as our exclusive partner, meaning we won’t work with a competing roofing company. KTM Exteriors looked like a strong fit.

Worth a quick look? I can send a 2-minute rundown right here, no call needed.

Andrew",4,new,,Instagram HTTP 200 | name source: google_business_profile | website category match: roof | market affinity: exact city address or core ZIP
2026-07-23,"St. Augustine, FL",St. Augustine Digest,staugustinedigest.com,catering,Sweet Weddings,https://www.instagram.com/sweetweddingscakedesigns/,sweetweddingscakedesigns,https://www.sweetweddings.com/,your Google profile,partnerships,"locals planning events, weddings, and private celebrations",catering work,catering choice,"3,000+ St. Augustine locals planning events, weddings, and private celebrations","Hi Sweet Weddings! I found you through your Google profile and wanted to reach out. We run St. Augustine Digest, a local email publication read by 3,000+ St. Augustine-area locals.

We’re choosing one catering company as our exclusive partner, meaning we won’t work with a competing caterer. Sweet Weddings looked like a strong fit.

Worth a quick look? I can send a 2-minute rundown right here, no call needed.

Andrew",4,new,,Instagram HTTP 200 | name source: google_business_profile | website category match: wedding | market affinity: exact city address or core ZIP
2026-07-23,"St. Augustine, FL",St. Augustine Digest,staugustinedigest.com,premium fitness,Tork Sports Performance,https://www.instagram.com/tork_sp/,tork_sp,https://torksportsperformance.com/,your Google profile,marketing,high-intent local wellness and family buyers,fitness concept,fitness option,"3,000+ St. Augustine high-intent local wellness and family buyers","Hi Tork Sports Performance! I found you through your Google profile and wanted to reach out. We run St. Augustine Digest, a local email publication read by 3,000+ St. Augustine-area locals.

We’re choosing one fitness studio as our exclusive partner, meaning we won’t work with a competing fitness studio. Tork Sports Performance looked like a strong fit.

Worth a quick look? I can send a 2-minute rundown right here, no call needed.

Andrew",4,new,,Instagram HTTP 200 | name source: google_business_profile | website category match: gym | market affinity: exact city address or core ZIP
2026-07-23,"St. Augustine, FL",St. Augustine Digest,staugustinedigest.com,aesthetics,Push Push,https://www.instagram.com/pushpushsalon/,pushpushsalon,https://www.pushpushsalon.com/,your Google profile,the office,high-intent local wellness and family buyers,aesthetics work,aesthetics destination,"3,000+ St. Augustine high-intent local wellness and family buyers","Hi Push Push! I found you through your Google profile and wanted to reach out. We run St. Augustine Digest, a local email publication read by 3,000+ St. Augustine-area locals.

We’re choosing one aesthetics practice as our exclusive partner, meaning we won’t work with a competing aesthetics clinic. Push Push looked like a strong fit.

Worth a quick look? I can send a 2-minute rundown right here, no call needed.

Andrew",4,new,,Instagram HTTP 200 | name source: google_business_profile | website category match: salon | market affinity: exact city address or core ZIP
2026-07-23,"St. Augustine, FL",St. Augustine Digest,staugustinedigest.com,aesthetics,VIBE a hair company,https://www.instagram.com/vibehaircompany/,vibehaircompany,https://www.vibehaircompany.com/,your Google profile,the office,high-intent local wellness and family buyers,aesthetics work,aesthetics destination,"3,000+ St. Augustine high-intent local wellness and family buyers","Hi VIBE a hair company! I found you through your Google profile and wanted to reach out. We run St. Augustine Digest, a local email publication read by 3,000+ St. Augustine-area locals.

We’re choosing one aesthetics practice as our exclusive partner, meaning we won’t work with a competing aesthetics clinic. VIBE a hair company looked like a strong fit.

Worth a quick look? I can send a 2-minute rundown right here, no call needed.

Andrew",4,new,,Instagram HTTP 200 | name source: google_business_profile | website category match: hair | market affinity: exact city address or core ZIP
2026-07-23,"St. Augustine, FL",St. Augustine Digest,staugustinedigest.com,catering,Danielle Caldwell Events,https://www.instagram.com/daniellecaldwelleventsllc/,daniellecaldwelleventsllc,https://www.daniellecaldwellevents.com/,your Google profile,partnerships,"locals planning events, weddings, and private celebrations",catering work,catering choice,"3,000+ St. Augustine locals planning events, weddings, and private celebrations","Hi Danielle Caldwell Events! I found you through your Google profile and wanted to reach out. We run St. Augustine Digest, a local email publication read by 3,000+ St. Augustine-area locals.

We’re choosing one catering company as our exclusive partner, meaning we won’t work with a competing caterer. Danielle Caldwell Events looked like a strong fit.

Worth a quick look? I can send a 2-minute rundown right here, no call needed.

Andrew",4,new,,Instagram HTTP 200 | name source: google_business_profile | website category match: wedding | market affinity: exact city address or core ZIP
2026-07-23,"St. Augustine, FL",St. Augustine Digest,staugustinedigest.com,women's wellness,The Canopy at Wellbeing,https://www.instagram.com/thecanopyatwellbeing/,thecanopyatwellbeing,https://thecanopyatwellbeing.com/,your Google profile,the office,high-intent local wellness and family buyers,women's wellness work,women's wellness option,"3,000+ St. Augustine high-intent local wellness and family buyers","Hi The Canopy at Wellbeing! I found you through your Google profile and wanted to reach out. We run St. Augustine Digest, a local email publication read by 3,000+ St. Augustine-area locals.

We’re choosing one women's wellness practice as our exclusive partner, meaning we won’t work with a competing women's wellness clinic. The Canopy at Wellbeing looked like a strong fit.

Worth a quick look? I can send a 2-minute rundown right here, no call needed.

Andrew",4,new,,Instagram HTTP 200 | name source: google_business_profile | website category match: wellness | market affinity: exact city address or core ZIP
2026-07-23,"St. Augustine, FL",St. Augustine Digest,staugustinedigest.com,business law,St. Johns Title,https://www.instagram.com/stjohnstitle/,stjohnstitle,https://stjohnstitle.com/,your Google profile,marketing,"homeowners, families, and business owners",business law work,business law resource,"3,000+ St. Augustine homeowners, families, and business owners","Hi St. Johns Title! I found you through your Google profile and wanted to reach out. We run St. Augustine Digest, a local email publication read by 3,000+ St. Augustine-area locals.

We’re choosing one business law firm as our exclusive partner, meaning we won’t work with a competing business law firm. St. Johns Title looked like a strong fit.

Worth a quick look? I can send a 2-minute rundown right here, no call needed.

Andrew",4,new,,Instagram HTTP 200 | name source: google_business_profile | website category match: attorney | market affinity: exact city address or core ZIP
2026-07-23,"St. Augustine, FL",St. Augustine Digest,staugustinedigest.com,interior design,All About Tint,https://www.instagram.com/allabouttint/,allabouttint,https://www.aatint.net/,your Google profile,marketing,homeowners and families,interior design work,home design choice,"3,000+ St. Augustine homeowners and families","Hi All About Tint! I found you through your Google profile and wanted to reach out. We run St. Augustine Digest, a local email publication read by 3,000+ St. Augustine-area locals.

We’re choosing one interior design studio as our exclusive partner, meaning we won’t work with a competing interior design firm. All About Tint looked like a strong fit.

Worth a quick look? I can send a 2-minute rundown right here, no call needed.

Andrew",4,new,,Instagram HTTP 200 | name source: google_business_profile | website category match: decor | market affinity: exact city address or core ZIP
2026-07-23,"St. Augustine, FL",St. Augustine Digest,staugustinedigest.com,interior design,Sunshine Shop,https://www.instagram.com/sunshineshopsta/,sunshineshopsta,https://sunshineshop.com/,your Google profile,marketing,homeowners and families,interior design work,home design choice,"3,000+ St. Augustine homeowners and families","Hi Sunshine Shop! I found you through your Google profile and wanted to reach out. We run St. Augustine Digest, a local email publication read by 3,000+ St. Augustine-area locals.

We’re choosing one interior design studio as our exclusive partner, meaning we won’t work with a competing interior design firm. Sunshine Shop looked like a strong fit.

Worth a quick look? I can send a 2-minute rundown right here, no call needed.

Andrew",4,new,,Instagram HTTP 200 | name source: google_business_profile | website category match: designer | market affinity: exact city address or core ZIP
2026-07-23,"St. Augustine, FL",St. Augustine Digest,staugustinedigest.com,pet care,The Witty Whisker Cat Cafe,https://www.instagram.com/wittywhisker/,wittywhisker,https://www.wittywhisker.com/,your Google profile,marketing,families and parents,pet care concept,pet care choice,"3,000+ St. Augustine families and parents","Hi The Witty Whisker Cat Cafe! I found you through your Google profile and wanted to reach out. We run St. Augustine Digest, a local email publication read by 3,000+ St. Augustine-area locals.

We’re choosing one pet care business as our exclusive partner, meaning we won’t work with a competing pet care provider. The Witty Whisker Cat Cafe looked like a strong fit.

Worth a quick look? I can send a 2-minute rundown right here, no call needed.

Andrew",4,new,,Instagram HTTP 200 | name source: google_business_profile | website category match: cat | market affinity: exact city address or core ZIP
2026-07-23,"St. Augustine, FL",St. Augustine Digest,staugustinedigest.com,private schools,The PGA TOUR Golf Academy,https://www.instagram.com/thetouracademy/,thetouracademy,https://www.touracademy.com,your Google profile,admissions,families and parents,private school reputation,school choice,"3,000+ St. Augustine families and parents","Hi The PGA TOUR Golf Academy! I found you through your Google profile and wanted to reach out. We run St. Augustine Digest, a local email publication read by 3,000+ St. Augustine-area locals.

We’re choosing one private school as our exclusive partner, meaning we won’t work with a competing private school. The PGA TOUR Golf looked like a strong fit.

Worth a quick look? I can send a 2-minute rundown right here, no call needed.

Andrew",4,new,,Instagram HTTP 200 | name source: google_business_profile | website category match: academy | market affinity: exact city address or core ZIP
2026-07-23,"St. Augustine, FL",St. Augustine Digest,staugustinedigest.com,private schools,Turning Point At Calvary,https://www.instagram.com/turning_point_at_calvary/,turning_point_at_calvary,https://www.tpcalvary.com/,your Google profile,admissions,families and parents,private school reputation,school choice,"3,000+ St. Augustine families and parents","Hi Turning Point At Calvary! I found you through your Google profile and wanted to reach out. We run St. Augustine Digest, a local email publication read by 3,000+ St. Augustine-area locals.

We’re choosing one private school as our exclusive partner, meaning we won’t work with a competing private school. Turning Point At Calvary looked like a strong fit.

Worth a quick look? I can send a 2-minute rundown right here, no call needed.

Andrew",4,new,,Instagram HTTP 200 | name source: google_business_profile | website category match: academy | market affinity: exact city address or core ZIP
2026-07-23,"St. Augustine, FL",St. Augustine Digest,staugustinedigest.com,wealth advisors,Consumers Financial Mortgage,https://www.instagram.com/thestrloanguy/,thestrloanguy,https://icansavemoney.com,your Google profile,marketing,"homeowners, families, and business owners",wealth planning work,wealth planning resource,"3,000+ St. Augustine homeowners, families, and business owners","Hi Consumers Financial Mortgage! I found you through your Google profile and wanted to reach out. We run St. Augustine Digest, a local email publication read by 3,000+ St. Augustine-area locals.

We’re choosing one wealth advisory firm as our exclusive partner, meaning we won’t work with a competing wealth advisory firm. Consumers Financial Mortgage looked like a strong fit.

Worth a quick look? I can send a 2-minute rundown right here, no call needed.

Andrew",4,new,,Instagram HTTP 200 | name source: google_business_profile | website category match: investment | market affinity: exact city address or core ZIP
2026-07-23,"St. Augustine, FL",St. Augustine Digest,staugustinedigest.com,women's wellness,Coach Mo Golf Pro,https://www.instagram.com/coachmogolfpro/,coachmogolfpro,https://coachmogolfpro.com/,your Google profile,the office,high-intent local wellness and family buyers,women's wellness work,women's wellness option,"3,000+ St. Augustine high-intent local wellness and family buyers","Hi Coach Mo Golf Pro! I found you through your Google profile and wanted to reach out. We run St. Augustine Digest, a local email publication read by 3,000+ St. Augustine-area locals.

We’re choosing one women's wellness practice as our exclusive partner, meaning we won’t work with a competing women's wellness clinic. Coach Mo Golf Pro looked like a strong fit.

Worth a quick look? I can send a 2-minute rundown right here, no call needed.

Andrew",4,new,,Instagram HTTP 200 | name source: google_business_profile | website category match: clinic | market affinity: exact city address or core ZIP
2026-07-23,"St. Augustine, FL",St. Augustine Digest,staugustinedigest.com,women's wellness,Whole Health Bodywork,https://www.instagram.com/wh.bodywork/,wh.bodywork,https://www.whbodywork.com/,your Google profile,the office,high-intent local wellness and family buyers,women's wellness work,women's wellness option,"3,000+ St. Augustine high-intent local wellness and family buyers","Hi Whole Health Bodywork! I found you through your Google profile and wanted to reach out. We run St. Augustine Digest, a local email publication read by 3,000+ St. Augustine-area locals.

We’re choosing one women's wellness practice as our exclusive partner, meaning we won’t work with a competing women's wellness clinic. Whole Health Bodywork looked like a strong fit.

Worth a quick look? I can send a 2-minute rundown right here, no call needed.

Andrew",4,new,,Instagram HTTP 200 | name source: google_business_profile | website category match: spa | market affinity: exact city address or core ZIP
2026-07-23,"St. Augustine, FL",St. Augustine Digest,staugustinedigest.com,wealth advisors,Bank of America Financial Center,https://www.instagram.com/bankofamerica/,bankofamerica,https://locators.bankofamerica.com/fl/saintaugustine/,your Google profile,marketing,"homeowners, families, and business owners",wealth planning work,wealth planning resource,"3,000+ St. Augustine homeowners, families, and business owners","Hi Bank of America Financial Center! I found you through your Google profile and wanted to reach out. We run St. Augustine Digest, a local email publication read by 3,000+ St. Augustine-area locals.

We’re choosing one wealth advisory firm as our exclusive partner, meaning we won’t work with a competing wealth advisory firm. Bank of America Financial Center looked like a strong fit.

Worth a quick look? I can send a 2-minute rundown right here, no call needed.

Andrew",4,new,,Instagram HTTP 200 | name source: google_business_profile | website category match: wealth | market affinity: exact city address or core ZIP
2026-07-23,"St. Augustine, FL",St. Augustine Digest,staugustinedigest.com,aesthetics,Sarina Durden & Co Beauty,https://www.instagram.com/sarinadurden.beauty/,sarinadurden.beauty,http://www.sarinadurden.com/,your Google profile,the office,high-intent local wellness and family buyers,aesthetics work,aesthetics destination,"3,000+ St. Augustine high-intent local wellness and family buyers","Hi Sarina Durden & Co Beauty! I found you through your Google profile and wanted to reach out. We run St. Augustine Digest, a local email publication read by 3,000+ St. Augustine-area locals.

We’re choosing one aesthetics practice as our exclusive partner, meaning we won’t work with a competing aesthetics clinic. Sarina Durden & Co Beauty looked like a strong fit.

Worth a quick look? I can send a 2-minute rundown right here, no call needed.

Andrew",4,new,,Instagram HTTP 200 | name source: website_schema | website category match: beauty | market affinity: exact city address or core ZIP
2026-07-23,"St. Augustine, FL",St. Augustine Digest,staugustinedigest.com,insurance,Craig Dewhurst,https://www.instagram.com/agentcraigdew/,agentcraigdew,https://www.craigdewhurst.com/,your Google profile,marketing,homeowners and families,insurance work,local insurance resource,"3,000+ St. Augustine homeowners and families","Hi Craig Dewhurst! I found you through your Google profile and wanted to reach out. We run St. Augustine Digest, a local email publication read by 3,000+ St. Augustine-area locals.

We’re choosing one insurance agency as our exclusive partner, meaning we won’t work with a competing insurance agency. Craig Dewhurst looked like a strong fit.

Worth a quick look? I can send a 2-minute rundown right here, no call needed.

Andrew",4,new,,Instagram HTTP 200 | name source: google_business_profile | website category match: insurance | market affinity: exact city address or core ZIP
2026-07-23,"St. Augustine, FL",St. Augustine Digest,staugustinedigest.com,insurance,The Health Insurance Couple,https://www.instagram.com/healthinsurancecouple/,healthinsurancecouple,https://www.healthinsurancecouple.com/,your Google profile,marketing,homeowners and families,insurance work,local insurance resource,"3,000+ St. Augustine homeowners and families","Hi The Health Insurance Couple! I found you through your Google profile and wanted to reach out. We run St. Augustine Digest, a local email publication read by 3,000+ St. Augustine-area locals.

We’re choosing one insurance agency as our exclusive partner, meaning we won’t work with a competing insurance agency. The Health Insurance Couple looked like a strong fit.

Worth a quick look? I can send a 2-minute rundown right here, no call needed.

Andrew",4,new,,Instagram HTTP 200 | name source: google_business_profile | website category match: insurance | market affinity: exact city address or core ZIP
2026-07-23,"St. Augustine, FL",St. Augustine Digest,staugustinedigest.com,insurance,The Health Insurance Diva,https://www.instagram.com/healthinsurancediva/,healthinsurancediva,https://healthinsurancediva.com/,your Google profile,marketing,homeowners and families,insurance work,local insurance resource,"3,000+ St. Augustine homeowners and families","Hi The Health Insurance Diva! I found you through your Google profile and wanted to reach out. We run St. Augustine Digest, a local email publication read by 3,000+ St. Augustine-area locals.

We’re choosing one insurance agency as our exclusive partner, meaning we won’t work with a competing insurance agency. The Health Insurance Diva looked like a strong fit.

Worth a quick look? I can send a 2-minute rundown right here, no call needed.

Andrew",4,new,,Instagram HTTP 200 | name source: google_business_profile | website category match: insurance | market affinity: exact city address or core ZIP
2026-07-23,"St. Augustine, FL",St. Augustine Digest,staugustinedigest.com,interior design,Seaside Furniture Company,https://www.instagram.com/seasidefurniturecompany/,seasidefurniturecompany,https://www.seasidefurniturecompany.com/,your Google profile,marketing,homeowners and families,interior design work,home design choice,"3,000+ St. Augustine homeowners and families","Hi Seaside Furniture Company! I found you through your Google profile and wanted to reach out. We run St. Augustine Digest, a local email publication read by 3,000+ St. Augustine-area locals.

We’re choosing one interior design studio as our exclusive partner, meaning we won’t work with a competing interior design firm. Seaside Furniture Company looked like a strong fit.

Worth a quick look? I can send a 2-minute rundown right here, no call needed.

Andrew",4,new,,Instagram HTTP 200 | name source: google_business_profile | website category match: decor | market affinity: exact city address or core ZIP
2026-07-23,"St. Augustine, FL",St. Augustine Digest,staugustinedigest.com,interior design,Tropical Rattan Furniture & More,https://www.instagram.com/tropicalrattan/,tropicalrattan,https://tropicalrattan.com/,your Google profile,marketing,homeowners and families,interior design work,home design choice,"3,000+ St. Augustine homeowners and families","Hi Tropical Rattan Furniture & More! I found you through your Google profile and wanted to reach out. We run St. Augustine Digest, a local email publication read by 3,000+ St. Augustine-area locals.

We’re choosing one interior design studio as our exclusive partner, meaning we won’t work with a competing interior design firm. Tropical Rattan Furniture & More looked like a strong fit.

Worth a quick look? I can send a 2-minute rundown right here, no call needed.

Andrew",4,new,,Instagram HTTP 200 | name source: google_business_profile | website category match: decor | market affinity: exact city address or core ZIP
